id,swb_happiness_base,swb_relhappiness_base,swb_ideal_base,swb_conditions_base,swb_satisfied_base,swb_lack_companion_base,swb_left_out_base,swb_isolated_base,swb_bored_base,swb_anxious_base,swb_depressed_base,swb_absorbed_worthwhile_base,swb_happiness_end,swb_relhappiness_end,swb_ideal_end,swb_conditions_end,swb_satisfied_end,swb_lack_companion_end,swb_left_out_end,swb_isolated_end,swb_bored_end,swb_anxious_end,swb_depressed_end,swb_absorbed_worthwhile_end,treatment
25,1,1,1,1,1,-1,-1,-1,1,2,1,0,2,1,0,0,1,-1,-1,-1,1.5,1.5,1.5,1.5,TRUE
27,1,0,0,0,1,0,-1,-1,0,1,2,1,1,0,1,0,3,0,0,-1,1.5,1.5,1.5,1.5,TRUE
28,1,2,-2,0,1,0,-1,-1,0,1,2,2,1,2,-2,0,1,0,-1,0,1.5,1.5,1.5,1.5,TRUE
47,1,2,1,2,1,0,0,-1,0,1,2,1,1,0,1,2,2,0,1,-1,1.5,1.5,1.5,1.5,FALSE
50,2,2,-2,0,1,1,0,1,1,2,2,3,0,-1,1,1,1,1,1,1,1.5,1.5,1.5,1.5,FALSE
53,2,3,0,0,2,0,0,0,1,0,3,0,1,-1,1,-1,0,0,0,0,1.5,1.5,1.5,1.5,FALSE
56,1,1,1,0,1,0,-1,0,0,1,1,0,1,0,-1,0,-1,0,1,1,1.5,1.5,1.5,1.5,FALSE
72,2,2,2,3,2,-1,0,-1,1,2,2,2,1,2,1,2,2,0,-1,-1,1.5,1.5,1.5,1.5,FALSE
76,1,-1,0,0,1,0,-1,-1,1,1,2,1,0,0,-1,-1,-1,0,-1,0,1.5,1.5,1.5,1.5,TRUE
111,2,0,0,0,2,-1,-1,-1,0,0,2,0,2,1,1,1,2,-1,-1,-1,1.5,1.5,1.5,1.5,FALSE
117,1,0,-3,-3,-2,0,0,0,2,1,1,2,1,0,-2,0,0,0,-1,0,1.5,1.5,1.5,1.5,TRUE
132,0,-3,1,1,-1,1,1,1,2,3,3,2,1,1,1,1,0,1,1,1,1.5,1.5,1.5,1.5,TRUE
143,-1,-2,-2,-2,-1,1,0,1,3,2,0,2,-1,-2,-3,-3,-2,1,0,0,1.5,1.5,1.5,1.5,FALSE
162,2,2,2,2,2,-1,-1,-1,2,1,3,2,1,1,1,1,3,0,0,0,1.5,1.5,1.5,1.5,FALSE
168,1,1,2,2,3,-1,-1,-1,1,1,3,0,3,3,2,3,2,-1,-1,-1,1.5,1.5,1.5,1.5,TRUE
169,2,3,2,3,3,-1,-1,-1,0,0,2,0,2,2,1,2,3,0,0,1,1.5,1.5,1.5,1.5,FALSE
177,-1,-1,1,0,1,1,1,1,2,2,1,1,1,0,2,1,1,0,-1,-1,1.5,1.5,1.5,1.5,TRUE
189,0,0,-1,1,1,0,-1,0,1,2,2,0,-1,0,-1,-2,-1,0,-1,0,1.5,1.5,1.5,1.5,FALSE
195,0,0,-2,-2,-2,-1,-1,-1,0,3,3,0,0,0,-2,-1,1,0,-1,0,1.5,1.5,1.5,1.5,FALSE
207,2,1,2,2,3,-1,-1,-1,0,0,2,1,2,3,2,2,2,-1,-1,-1,1.5,1.5,1.5,1.5,FALSE
209,3,3,-1,0,-1,-1,0,-1,1,1,2,1,3,3,0,0,2,-1,-1,-1,1.5,1.5,1.5,1.5,FALSE
228,1,1,-1,-2,1,-1,0,-1,2,2,3,1,1,0,1,-1,0,-1,-1,0,1.5,1.5,1.5,1.5,FALSE
250,1,1,3,1,2,0,0,0,1,1,2,1,0,0,-1,-2,-1,0,0,0,1.5,1.5,1.5,1.5,TRUE
279,1,-1,-1,0,2,0,0,0,1,1,2,0,1,0,1,1,2,0,0,0,1.5,1.5,1.5,1.5,FALSE
290,1,1,1,2,2,0,0,0,1,2,2,1,1,0,1,-1,1,0,0,0,1.5,1.5,1.5,1.5,FALSE
299,0,-1,-2,-1,-2,0,0,0,2,2,1,1,-2,-2,-2,-1,-2,0,0,0,1.5,1.5,1.5,1.5,TRUE
335,-1,-1,-1,-1,-1,0,0,0,1,2,2,1,2,2,1,1,2,-1,-1,0,1.5,1.5,1.5,1.5,TRUE
350,1,-1,1,-1,1,0,1,0,2,2,1,2,0,-1,-1,1,-3,1,1,1,1.5,1.5,1.5,1.5,TRUE
357,1,0,-1,-2,-1,0,1,1,1,2,0,2,1,-1,-1,-1,-1,1,1,1,1.5,1.5,1.5,1.5,FALSE
399,-2,-2,-3,-3,-3,1,1,1,3,3,1,3,-1,-3,-2,-2,-2,-1,0,0,1.5,1.5,1.5,1.5,TRUE
407,0,1,-2,-1,0,0,0,0,1,1,2,1,-2,-2,-3,-2,-2,0,0,0,1.5,1.5,1.5,1.5,TRUE
421,1,1,1,1,1,0,-1,-1,1,1,3,1,1,1,1,0,1,0,-1,-1,1.5,1.5,1.5,1.5,FALSE
430,0,0,1,1,2,0,0,0,0,1,2,0,-2,-1,-3,-2,-3,1,1,1,1.5,1.5,1.5,1.5,FALSE
468,0,-1,-2,-2,-2,1,1,1,3,3,1,3,-1,-3,-3,-3,-3,1,1,1,1.5,1.5,1.5,1.5,FALSE
471,1,1,-2,-2,-1,-1,-1,-1,1,0,2,0,-1,0,-2,-2,-2,-1,-1,-1,1.5,1.5,1.5,1.5,TRUE
491,2,2,1,0,2,0,0,0,1,1,2,2,1,1,-1,-1,0,0,0,0,1.5,1.5,1.5,1.5,TRUE
494,3,2,3,2,3,-1,-1,-1,0,0,3,0,3,2,2,2,2,-1,-1,-1,1.5,1.5,1.5,1.5,FALSE
514,0,-1,-1,-1,0,0,0,0,2,3,2,1,1,0,1,1,1,0,0,0,1.5,1.5,1.5,1.5,FALSE
529,2,2,1,1,2,-1,-1,-1,0,0,3,0,2,2,0,0,1,-1,-1,-1,1.5,1.5,1.5,1.5,FALSE
540,1,1,0,0,0,0,0,0,1,1,0,1,1,1,0,0,0,0,0,0,1.5,1.5,1.5,1.5,FALSE
543,1,1,0,2,3,-1,-1,-1,2,1,3,1,1,1,0,2,2,0,-1,0,1.5,1.5,1.5,1.5,FALSE
549,0,-1,-2,-2,-2,1,1,1,1,2,1,2,0,0,-2,-2,-1,1,0,1,1.5,1.5,1.5,1.5,TRUE
572,1,0,1,1,1,-1,-1,0,1,2,2,1,1,2,2,1,2,-1,-1,-1,1.5,1.5,1.5,1.5,FALSE
574,1,2,2,2,2,-1,-1,-1,0,0,2,1,2,2,2,2,3,-1,-1,-1,1.5,1.5,1.5,1.5,FALSE
582,1,1,-1,1,1,-1,-1,-1,0,1,2,0,1,1,1,2,2,-1,-1,-1,1.5,1.5,1.5,1.5,TRUE
592,1,0,-3,-3,-3,1,1,0,2,0,2,0,-3,-3,-3,-3,-3,1,1,1,1.5,1.5,1.5,1.5,FALSE
595,0,0,-1,-1,-2,0,0,0,1,2,2,2,0,0,-1,-1,-1,0,-1,-1,1.5,1.5,1.5,1.5,FALSE
604,2,2,0,-1,-1,0,0,0,2,2,2,0,2,1,2,1,1,0,0,0,1.5,1.5,1.5,1.5,FALSE
608,0,1,1,1,0,-1,-1,-1,1,0,2,1,1,0,2,2,2,-1,-1,-1,1.5,1.5,1.5,1.5,FALSE
609,2,2,-1,-1,0,-1,0,0,0,1,3,2,0,0,-2,-2,-2,0,0,0,1.5,1.5,1.5,1.5,TRUE
633,1,0,1,1,2,0,0,0,1,1,2,1,-1,-1,-1,-1,-1,1,1,1,1.5,1.5,1.5,1.5,TRUE
654,1,1,1,1,2,0,0,0,2,2,1,2,1,1,2,1,3,0,0,0,1.5,1.5,1.5,1.5,FALSE
694,0,-1,-1,-1,-1,0,-1,0,2,1,1,0,2,1,1,0,1,-1,-1,-1,1.5,1.5,1.5,1.5,TRUE
699,1,0,-2,0,2,0,-1,0,0,1,2,0,-1,-1,-2,-1,1,1,0,0,1.5,1.5,1.5,1.5,TRUE
700,-2,-2,-2,-2,-2,-1,-1,-1,2,2,1,1,-3,-3,-3,-3,-3,0,0,0,1.5,1.5,1.5,1.5,FALSE
762,-1,-2,-1,-2,0,0,0,1,1,2,0,1,1,0,1,1,2,-1,0,0,1.5,1.5,1.5,1.5,TRUE
765,0,-1,-1,-1,0,0,-1,-1,2,2,2,0,0,0,-2,-1,-1,0,-1,1,1.5,1.5,1.5,1.5,FALSE
774,-1,-3,1,1,1,1,1,1,3,0,1,1,0,-2,-2,-2,-2,1,1,1,1.5,1.5,1.5,1.5,FALSE
784,2,0,2,2,2,0,0,-1,1,1,2,1,0,-1,-1,-2,0,0,0,0,1.5,1.5,1.5,1.5,TRUE
792,2,1,-2,-2,-1,-1,-1,-1,1,0,1,0,2,1,1,1,1,-1,-1,-1,1.5,1.5,1.5,1.5,FALSE
801,-1,-1,-3,-2,0,1,1,0,2,0,0,2,-1,0,-2,-2,0,0,0,0,1.5,1.5,1.5,1.5,TRUE
811,-1,-1,1,-1,-1,0,0,1,2,1,2,3,2,2,1,1,2,0,-1,0,1.5,1.5,1.5,1.5,FALSE
823,1,1,1,2,2,0,-1,0,0,1,1,2,1,1,0,1,1,-1,-1,-1,1.5,1.5,1.5,1.5,FALSE
829,0,-3,-1,-3,-3,0,1,1,3,3,0,3,-3,-3,-3,-3,-3,0,1,1,1.5,1.5,1.5,1.5,FALSE
835,2,3,-1,-1,3,-1,0,0,0,1,2,0,2,1,0,0,3,-1,-1,0,1.5,1.5,1.5,1.5,FALSE
839,2,2,2,0,1,0,1,1,1,3,2,1,3,1,2,2,2,0,0,0,1.5,1.5,1.5,1.5,FALSE
860,0,-1,-1,-2,1,0,0,1,3,3,2,1,-1,-1,-3,-3,-2,0,0,0,1.5,1.5,1.5,1.5,FALSE
872,2,2,2,1,2,0,0,0,1,1,3,1,2,1,1,1,1,1,0,0,1.5,1.5,1.5,1.5,FALSE
876,2,2,2,1,3,-1,-1,0,0,0,2,0,3,3,1,1,3,0,-1,-1,1.5,1.5,1.5,1.5,FALSE
879,0,-1,-2,-3,0,1,1,1,2,2,1,3,-2,-2,-2,-2,-2,1,0,1,1.5,1.5,1.5,1.5,FALSE
887,1,-1,-1,-1,-1,0,0,0,1,2,2,1,1,1,0,1,2,0,-1,0,1.5,1.5,1.5,1.5,TRUE
890,0,-3,-3,-3,-2,0,1,1,3,2,3,1,-2,-2,-3,-3,-3,0,1,1,1.5,1.5,1.5,1.5,TRUE
895,-2,-2,-2,-2,-1,1,1,1,2,2,2,0,-3,-3,-3,-2,-3,0,0,0,1.5,1.5,1.5,1.5,FALSE
904,0,-1,-2,-1,-1,1,0,1,2,2,1,1,-1,2,0,2,1,1,0,1,1.5,1.5,1.5,1.5,FALSE
927,2,2,2,2,2,-1,-1,-1,0,0,1,1,2,1,2,2,2,-1,-1,-1,1.5,1.5,1.5,1.5,FALSE
941,1,-2,-2,-3,-2,0,0,0,2,2,1,2,-1,-1,-2,-2,-2,0,0,0,1.5,1.5,1.5,1.5,FALSE
947,-1,-2,-2,-2,-1,1,1,0,2,3,2,2,-2,-2,-3,-2,-1,1,0,0,1.5,1.5,1.5,1.5,TRUE
948,2,1,2,2,3,0,-1,-1,0,2,2,2,2,3,2,2,2,-1,-1,-1,1.5,1.5,1.5,1.5,TRUE
958,-1,-3,-3,-3,-3,1,1,1,2,3,1,1,-1,0,-2,-2,-3,1,1,1,1.5,1.5,1.5,1.5,TRUE
975,1,0,-3,-2,1,1,1,1,1,2,0,2,0,0,-2,-1,1,0,0,0,1.5,1.5,1.5,1.5,FALSE
985,0,-1,-2,1,-1,0,0,-1,2,2,1,2,-1,0,-2,-1,-2,0,0,-1,1.5,1.5,1.5,1.5,FALSE
988,0,0,-1,-1,0,-1,-1,-1,0,1,2,0,2,3,2,2,2,0,0,-1,1.5,1.5,1.5,1.5,FALSE
990,-1,-2,-2,-2,-2,0,0,0,2,2,1,1,1,1,1,-1,-1,-1,-1,-1,1.5,1.5,1.5,1.5,TRUE
997,0,0,-1,0,2,-1,-1,-1,2,2,2,1,0,1,0,0,2,-1,-1,-1,1.5,1.5,1.5,1.5,FALSE
999,2,1,-1,1,1,0,-1,-1,1,2,2,0,1,0,-1,-1,-2,-1,0,0,1.5,1.5,1.5,1.5,TRUE
1017,1,0,0,-1,1,0,0,0,1,2,3,1,0,-3,-1,-1,-1,0,0,0,1.5,1.5,1.5,1.5,TRUE
1063,3,3,-1,-1,3,-1,-1,-1,1,2,2,0,1,0,-2,1,2,1,0,1,1.5,1.5,1.5,1.5,FALSE
1073,2,1,1,1,2,0,-1,0,1,0,2,2,2,1,1,2,2,0,0,0,1.5,1.5,1.5,1.5,FALSE
1075,2,1,2,1,-1,-1,-1,-1,0,1,2,0,2,1,-1,-1,1,0,0,0,1.5,1.5,1.5,1.5,FALSE
1091,0,0,1,1,1,-1,-1,-1,1,2,3,0,2,0,1,0,1,0,-1,-1,1.5,1.5,1.5,1.5,TRUE
1092,1,0,0,2,2,-1,-1,0,1,2,2,1,1,1,2,2,2,-1,-1,-1,1.5,1.5,1.5,1.5,TRUE
1094,0,0,2,1,2,1,1,1,1,1,2,2,2,3,1,2,1,0,0,0,1.5,1.5,1.5,1.5,FALSE
1099,2,2,1,2,2,-1,-1,-1,0,1,3,0,2,1,-2,1,1,-1,-1,-1,1.5,1.5,1.5,1.5,TRUE
1103,-1,-1,-2,-2,-2,0,0,0,3,3,1,2,-2,-3,-3,-3,-3,0,1,0,1.5,1.5,1.5,1.5,TRUE
1104,1,1,2,2,1,0,0,0,1,1,0,2,0,0,2,-1,-2,-1,-1,-1,1.5,1.5,1.5,1.5,TRUE
1114,-1,-1,-3,-3,0,0,1,0,3,3,0,2,1,0,-2,-2,0,-1,-1,-1,1.5,1.5,1.5,1.5,TRUE
1126,-2,-3,-3,-3,-3,0,1,1,3,3,1,3,-3,-3,-3,-3,-3,1,1,1,1.5,1.5,1.5,1.5,TRUE
1142,1,1,-1,-1,-1,0,0,0,1,3,0,2,-1,-1,-2,-2,-2,0,0,0,1.5,1.5,1.5,1.5,FALSE
1147,0,-1,-2,1,0,-1,-1,-1,0,2,2,1,0,-1,-2,1,-1,0,-1,0,1.5,1.5,1.5,1.5,FALSE
1149,0,0,0,0,1,-1,-1,0,0,1,2,0,1,0,1,1,1,-1,0,0,1.5,1.5,1.5,1.5,FALSE
1154,0,1,0,-1,2,-1,-1,0,2,1,1,2,2,3,1,1,3,-1,-1,-1,1.5,1.5,1.5,1.5,FALSE
1175,3,2,3,3,3,-1,-1,-1,0,1,2,3,2,2,2,2,2,-1,-1,-1,1.5,1.5,1.5,1.5,FALSE
1194,2,2,2,2,3,0,-1,0,1,1,2,1,2,1,2,2,2,0,0,0,1.5,1.5,1.5,1.5,FALSE
1196,1,0,2,1,1,0,0,0,1,1,1,2,1,1,2,1,2,0,0,-1,1.5,1.5,1.5,1.5,TRUE
1206,1,2,2,1,2,-1,-1,0,0,1,3,0,1,1,1,-1,-1,0,0,-1,1.5,1.5,1.5,1.5,FALSE
1231,-1,1,-2,-2,-2,0,0,-1,1,0,1,0,1,1,-2,1,-1,0,0,-1,1.5,1.5,1.5,1.5,FALSE
1251,2,2,-2,-2,2,1,0,0,0,2,2,2,-1,-2,-3,-2,-3,1,0,0,1.5,1.5,1.5,1.5,TRUE
1259,1,0,0,0,0,0,0,0,2,2,2,1,0,-2,0,-2,-2,0,0,0,1.5,1.5,1.5,1.5,TRUE
1265,-1,-1,1,-2,-1,0,-1,-1,2,2,3,1,1,2,1,0,2,0,0,0,1.5,1.5,1.5,1.5,TRUE
1269,1,0,1,1,1,0,0,0,0,0,2,1,2,1,0,1,0,0,0,0,1.5,1.5,1.5,1.5,FALSE
1275,1,0,-1,1,1,0,0,0,1,2,1,2,1,2,-2,-2,-1,0,0,1,1.5,1.5,1.5,1.5,FALSE
1282,1,1,2,2,2,1,0,0,2,1,3,1,1,0,2,1,2,1,0,0,1.5,1.5,1.5,1.5,TRUE
1283,2,2,-1,-2,-1,0,-1,-1,1,2,1,0,1,2,-1,0,-1,0,0,0,1.5,1.5,1.5,1.5,FALSE
1296,-1,-1,1,1,-1,1,1,1,3,2,1,2,1,-1,-2,0,1,1,1,1,1.5,1.5,1.5,1.5,TRUE
1311,-2,-3,-2,-2,-2,1,0,1,3,3,2,2,-3,-3,-1,-2,1,1,1,1,1.5,1.5,1.5,1.5,FALSE
1313,0,-1,-2,-1,0,-1,-1,-1,0,1,1,2,1,0,-1,-1,1,-1,-1,-1,1.5,1.5,1.5,1.5,FALSE
1318,1,2,-3,-3,-2,0,0,0,2,1,2,1,2,1,0,-2,1,0,0,0,1.5,1.5,1.5,1.5,FALSE
1323,3,3,2,2,2,0,-1,-1,0,0,2,1,3,2,2,2,2,-1,-1,-1,1.5,1.5,1.5,1.5,FALSE
1338,-1,-1,-2,-1,-2,0,0,1,2,2,2,0,-1,0,-2,-2,-2,0,0,0,1.5,1.5,1.5,1.5,FALSE
1342,2,3,1,1,1,-1,-1,-1,0,0,1,2,1,2,0,1,2,0,-1,-1,1.5,1.5,1.5,1.5,FALSE
1345,3,2,2,2,3,-1,-1,-1,0,0,3,1,3,3,3,3,3,-1,-1,-1,1.5,1.5,1.5,1.5,TRUE
1349,2,2,1,1,1,-1,-1,-1,0,0,2,1,2,2,2,2,2,0,0,-1,1.5,1.5,1.5,1.5,FALSE
1354,0,-1,-1,-1,-1,0,1,1,2,1,1,2,0,-1,-2,-1,-1,0,0,0,1.5,1.5,1.5,1.5,FALSE
1394,1,1,1,0,0,0,1,1,2,2,2,2,2,1,1,2,2,-1,-1,-1,1.5,1.5,1.5,1.5,TRUE
1401,2,0,3,3,3,1,0,0,1,3,3,1,1,3,3,2,3,-1,-1,0,1.5,1.5,1.5,1.5,TRUE
1404,2,1,-1,-2,1,0,0,0,0,2,2,2,1,1,-1,0,-1,0,0,0,1.5,1.5,1.5,1.5,FALSE
1407,2,2,2,2,2,0,-1,-1,0,1,2,1,1,0,1,1,1,0,-1,0,1.5,1.5,1.5,1.5,FALSE
1421,2,2,1,1,2,-1,-1,-1,0,1,3,0,2,2,2,2,2,-1,-1,-1,1.5,1.5,1.5,1.5,FALSE
1424,1,1,1,1,2,-1,-1,-1,0,1,1,1,1,1,1,1,1,-1,-1,-1,1.5,1.5,1.5,1.5,FALSE
1441,0,-1,-2,-3,-3,1,0,0,2,2,1,0,-1,-2,-3,-3,-3,1,0,0,1.5,1.5,1.5,1.5,TRUE
1442,0,0,1,1,1,-1,0,0,0,0,1,2,1,1,2,2,2,0,0,-1,1.5,1.5,1.5,1.5,TRUE
1444,-1,-2,-2,-3,-2,1,1,1,1.5,2,1,0,0,-1,-1,-1,-1,1,0,0,1.5,1.5,1.5,1.5,FALSE
1475,-2,-2,-3,-3,-2,1,0,1,3,3,2,1,-2,-2,-2,-3,-2,0,0,1,1.5,1.5,1.5,1.5,FALSE
1490,0,0,-1,0,0,-1,-1,-1,0,3,0,0,0,-1,-1,-1,-1,0,0,0,1.5,1.5,1.5,1.5,TRUE
1495,2,0,1,1,1,-1,-1,-1,0,0,3,0,2,1,1,1,1,-1,-1,-1,1.5,1.5,1.5,1.5,FALSE
1512,1,1,0,1,1,0,-1,-1,0,1,2,2,0,2,-1,-1,2,-1,-1,-1,1.5,1.5,1.5,1.5,FALSE
1518,-1,-1,-2,-1,-3,1,0,1,3,3,2,0,-3,-3,-2,-2,-3,1,0,1,1.5,1.5,1.5,1.5,FALSE
1532,1,2,0,-1,3,0,1,0,2,1,3,1,2,2,3,3,2,0,-1,0,1.5,1.5,1.5,1.5,FALSE
1544,1,1,-1,-1,1,-1,-1,-1,0,1,2,1,0,0,1,1,1,-1,0,-1,1.5,1.5,1.5,1.5,TRUE
1574,-1,-1,-2,-2,-1,0,0,-1,2,2,1,1,0,-1,-2,-2,-1,0,0,0,1.5,1.5,1.5,1.5,TRUE
1579,-1,-3,-2,-2,0,1,1,1,2,3,1,2,-1,-2,-1,-2,-2,0,0,1,1.5,1.5,1.5,1.5,FALSE
1589,0,0,-1,1,-1,1,1,1,1,2,2,1,1,0,-2,0,-1,0,0,0,1.5,1.5,1.5,1.5,TRUE
1607,3,3,-3,-3,-2,-1,1,-1,2,2,2,2,1,1,-1,-1,-1,0,0,0,1.5,1.5,1.5,1.5,TRUE
1609,1,0,0,1,1,-1,0,-1,0,2,2,2,2,0,-1,-1,-1,0,0,0,1.5,1.5,1.5,1.5,FALSE
1625,-3,-3,-3,-3,-3,1,1,1,3,3,0,3,-3,-3,-3,-2,-2,1,1,1,1.5,1.5,1.5,1.5,FALSE
1632,0,2,-2,-2,-2,1,1,1,3,3,2,2,-1,-3,-3,-3,-3,1,1,1,1.5,1.5,1.5,1.5,FALSE
1637,1,1,2,1,2,0,0,-1,0,1,2,1,1,0,1,1,2,0,0,-1,1.5,1.5,1.5,1.5,FALSE
1643,0,0,-2,1,0,1,-1,0,2,2,1,1,1,0,1,1,2,0,-1,0,1.5,1.5,1.5,1.5,FALSE
1686,1,1,0,1,2,-1,-1,-1,1,2,2,1,1,1,0,0,2,-1,-1,-1,1.5,1.5,1.5,1.5,TRUE
1694,3,3,1,2,2,0,-1,-1,1,1,2,0,1,2,-1,-1,1,-1,-1,-1,1.5,1.5,1.5,1.5,FALSE
1712,-1,-3,-1,0,1,0,1,1,2,0,3,0,1,1,-2,1,1,1,0,1,1.5,1.5,1.5,1.5,FALSE
1715,1,0,-2,-2,-1,1,-1,-1,2,2,2,2,0,-1,-2,-2,-2,0,0,0,1.5,1.5,1.5,1.5,TRUE
1716,2,2,-2,1,2,1,0,-1,0,1,3,0,2,2,-1,1,2,0,-1,-1,1.5,1.5,1.5,1.5,FALSE
1726,2,0,0,0,3,-1,-1,-1,0,0,3,2,1,0,1,0,1,-1,-1,-1,1.5,1.5,1.5,1.5,TRUE
1731,-2,-1,-2,-2,-3,0,0,-1,2,0,2,1,0,-1,-1,-1,-2,0,0,0,1.5,1.5,1.5,1.5,FALSE
1739,0,1,2,2,1,0,0,-1,1,1,1,1,1,0,2,2,1,0,0,-1,1.5,1.5,1.5,1.5,FALSE
1741,1,1,-1,-1,1,0,0,-1,1,1,2,0,1,1,-1,-1,1,1,-1,0,1.5,1.5,1.5,1.5,FALSE
1743,-1,-2,-2,-3,-2,1,1,1,2,0,1,2,-1,0,-1,-2,-2,1,0,0,1.5,1.5,1.5,1.5,TRUE
1750,1,0,1,2,2,0,0,0,0,1,2,1,1,0,1,-1,2,0,0,0,1.5,1.5,1.5,1.5,FALSE
1766,2,2,1,1,2,-1,-1,-1,0,1,2,2,1,1,2,2,2,-1,-1,-1,1.5,1.5,1.5,1.5,FALSE
1773,3,3,0,-1,2,-1,-1,-1,0,1,2,2,2,1,2,1,3,-1,-1,-1,1.5,1.5,1.5,1.5,TRUE
1776,1,1,1,1,2,0,0,0,0,1,2,2,0,-1,-2,-2,-2,-1,0,0,1.5,1.5,1.5,1.5,TRUE
1786,2,2,1,1,3,-1,0,0,1,0,2,0,2,2,2,2,2,-1,-1,-1,1.5,1.5,1.5,1.5,FALSE
1814,1,1,2,2,2,-1,-1,-1,0,1,2,1,0,1,-1,-1,-1,0,0,-1,1.5,1.5,1.5,1.5,FALSE
1820,0,0,-1,-2,-1,0,0,-1,2,2,0,3,0,-1,-2,-2,-2,0,0,0,1.5,1.5,1.5,1.5,FALSE
1834,2,1,2,1,3,-1,0,-1,0,1,2,1,2,2,2,3,3,0,-1,-1,1.5,1.5,1.5,1.5,FALSE
1854,0,-2,-1,-2,-2,1,0,1,2,1,0,0,-2,-3,-3,-2,-1,0,0,0,1.5,1.5,1.5,1.5,FALSE
1855,1,2,1,2,2,1,-1,0,1,1,2,2,1,3,2,3,3,0,-1,0,1.5,1.5,1.5,1.5,FALSE
1860,2,2,2,2,2,-1,-1,-1,1,2,2,1,2,3,1,2,2,-1,-1,-1,1.5,1.5,1.5,1.5,TRUE
1877,0,1,-2,-2,-1,-1,0,1,1,2,1,1,1,0,-1,2,1,-1,0,0,1.5,1.5,1.5,1.5,FALSE
1880,3,1,2,2,3,-1,-1,-1,0,1,2,1,2,2,2,2,3,-1,-1,-1,1.5,1.5,1.5,1.5,FALSE
1890,1,2,-1,-2,2,0,-1,-1,0,0,2,0,0,-2,-2,-2,-2,0,0,0,1.5,1.5,1.5,1.5,TRUE
1901,-1,-1,-3,-3,-2,-1,-1,-1,3,3,1,3,1,3,-2,0,-2,-1,-1,-1,1.5,1.5,1.5,1.5,TRUE
1903,3,3,2,3,3,0,-1,-1,1,1,2,1,3,3,3,3,3,-1,-1,-1,1.5,1.5,1.5,1.5,TRUE
1913,-1,-2,-3,-2,-1,0,0,0,2,3,0,0,-3,1,-3,-2,-1,0,1,1,1.5,1.5,1.5,1.5,TRUE
1936,0,-1,-1,0,1,0,0,0,0,2,1,1,1,0,0,1,2,0,-1,0,1.5,1.5,1.5,1.5,TRUE
1939,-3,-3,-2,-2,-3,1,1,1,3,3,0,1,-1,-1,-2,-1,-1,1,1,1,1.5,1.5,1.5,1.5,FALSE
1946,2,2,2,1,1,-1,-1,-1,0,1,1,2,-1,0,-1,-2,-2,1,0,0,1.5,1.5,1.5,1.5,FALSE
1965,1,0,1,1,1,-1,0,-1,0,0,2,1,1,0,0,1,2,-1,-1,-1,1.5,1.5,1.5,1.5,FALSE
1967,1,0,2,3,2,0,0,0,1,2,2,1,2,1,2,2,1,0,0,0,1.5,1.5,1.5,1.5,TRUE
1987,1,3,2,2,3,-1,0,-1,0,0,2,0,3,1,2,2,3,-1,-1,-1,1.5,1.5,1.5,1.5,TRUE
1999,3,2,2,2,3,-1,-1,-1,0,1,3,0,2,1,2,2,2,-1,-1,-1,1.5,1.5,1.5,1.5,FALSE
2019,2,1,-2,-1,-1,1,1,1,0,1,2,3,-3,-2,-3,-2,-3,1,1,1,1.5,1.5,1.5,1.5,TRUE
2030,1,3,1,1,3,1,0,0,0,2,3,0,2,2,1,1,3,0,0,0,1.5,1.5,1.5,1.5,FALSE
2037,0,0,-2,-2,-2,0,0,1,3,3,1,3,1,2,-2,-2,1,0,0,0,1.5,1.5,1.5,1.5,TRUE
2039,-1,-1,-2,-2,-2,1,1,1,1,3,2,1,1,-1,-2,-3,-3,1,1,1,1.5,1.5,1.5,1.5,FALSE
2041,0,0,2,2,0,0,0,1,2,2,1,3,0,0,2,1,1,1,1,0,1.5,1.5,1.5,1.5,FALSE
2048,3,2,3,3,3,-1,-1,-1,0,0,3,0,3,2,3,3,3,-1,-1,-1,1.5,1.5,1.5,1.5,FALSE
2073,-1,-1,-2,-2,-2,-1,1,1,2,1,3,3,-3,-1,-3,-2,0,0,0,-1,1.5,1.5,1.5,1.5,FALSE
2088,1,1,0,1,1,0,-1,0,1,2,2,0,1,1,1,0,2,0,0,0,1.5,1.5,1.5,1.5,FALSE
2091,-1,-3,-3,-3,-3,1,1,0,3,1,0,2,-2,-3,-3,-3,-3,-1,1,0,1.5,1.5,1.5,1.5,TRUE
2092,1,0,2,1,1,0,0,0,1,1,2,1,2,-2,-2,-1,1,-1,-1,-1,1.5,1.5,1.5,1.5,FALSE
2101,0,-1,0,-1,-1,0,1,1,2,2,1,3,1,0,-1,0,0,-1,0,0,1.5,1.5,1.5,1.5,FALSE
2108,0,0,-2,-1,0,0,-1,-1,0,3,1,2,1,0,-2,-2,0,0,-1,-1,1.5,1.5,1.5,1.5,FALSE
2133,1,1,1,1,1,0,-1,0,1,1,3,1,1,1,3,2,2,0,-1,-1,1.5,1.5,1.5,1.5,FALSE
2150,-1,-1,-1,-1,0,0,-1,0,0,1,1,0,0,1,-1,-1,0,0,-1,-1,1.5,1.5,1.5,1.5,FALSE
2167,0,-1,-3,-3,-2,1,-1,0,1,3,0,0,0,-2,-2,-2,-2,0,0,1,1.5,1.5,1.5,1.5,FALSE
2179,0,0,1,-1,0,-1,-1,-1,1,2,1,1,2,0,1,1,2,-1,-1,-1,1.5,1.5,1.5,1.5,FALSE
2180,2,2,2,2,2,-1,-1,-1,0,1,2,1,2,2,2,2,3,-1,-1,-1,1.5,1.5,1.5,1.5,FALSE
2188,2,2,1,1,3,-1,-1,-1,0,0,2,0,3,2,2,2,2,-1,-1,-1,1.5,1.5,1.5,1.5,TRUE
2190,-1,-1,-2,-2,-2,-1,-1,0,2,1,1,2,1,1,-1,1,-1,0,-1,0,1.5,1.5,1.5,1.5,TRUE
2203,3,2,3,3,3,-1,-1,-1,1,0,2,0,3,3,-1,-1,-1,-1,-1,-1,1.5,1.5,1.5,1.5,TRUE
2212,-1,-2,-3,-3,-2,0,0,1,3,3,1,2,1,1,2,1,1,0,0,-1,1.5,1.5,1.5,1.5,TRUE
2236,1,1,3,-1,-1,0,0,0,1,1,1,0,1,1,2,-2,-1,-1,1,1,1.5,1.5,1.5,1.5,FALSE
2274,2,2,2,2,2,-1,-1,-1,0,1,2,0,2,1,-1,2,-1,0,-1,-1,1.5,1.5,1.5,1.5,FALSE
2277,0,0,-1,-1,1,-1,0,0,1,2,2,1,2,3,1,1,2,0,-1,-1,1.5,1.5,1.5,1.5,TRUE
2286,1,0,-1,-1,2,-1,-1,-1,0,1,1,1,1,0,0,0,2,-1,-1,-1,1.5,1.5,1.5,1.5,TRUE
2323,-1,0,-2,-3,0,0,-1,-1,1,1,2,1,0,0,-1,-1,-1,-1,0,0,1.5,1.5,1.5,1.5,TRUE
2327,1,0,0,-2,-2,1,0,-1,0,1,2,0,2,2,-2,-3,-1,1,-1,-1,1.5,1.5,1.5,1.5,TRUE
2355,1,1,1,1,1,-1,-1,-1,0,1,2,1,1,0,0,1,1,-1,-1,-1,1.5,1.5,1.5,1.5,FALSE
2365,-1,-2,-1,-2,-1,-1,-1,-1,3,3,1,2,1,1,1,1,1,-1,-1,0,1.5,1.5,1.5,1.5,FALSE
2406,0,-1,0,-2,0,0,0,0,2,1,2,1,-1,-1,-3,-2,-2,1,1,1,1.5,1.5,1.5,1.5,FALSE
2408,1,2,2,2,2,0,0,-1,0,1,3,1,2,1,2,1,2,0,0,-1,1.5,1.5,1.5,1.5,TRUE
2427,0,-1,-1,1,-1,-1,-1,-1,2,2,2,3,-1,-1,-1,-1,-2,0,0,0,1.5,1.5,1.5,1.5,FALSE
2436,1,1,1,3,2,-1,0,-1,0,3,2,1,1,2,1,2,2,-1,0,0,1.5,1.5,1.5,1.5,FALSE
2443,1,2,-1,2,1,0,0,0,0,2,1,0,1,1,-1,-1,1,0,0,0,1.5,1.5,1.5,1.5,TRUE
2445,1,1,-2,-2,-1,0,0,0,1,0,2,0,0,0,-2,-2,-3,1,1,1,1.5,1.5,1.5,1.5,TRUE
2449,-1,-1,2,2,2,0,0,0,0,1,2,1,0,1,-1,-2,-1,0,-1,0,1.5,1.5,1.5,1.5,FALSE
2488,2,2,3,2,2,-1,0,-1,0,0,2,1,2,3,2,2,2,0,0,0,1.5,1.5,1.5,1.5,FALSE
2489,0,1,-2,-2,-2,1,1,1,2,3,1,3,0,-1,-1,-1,0,1,0,1,1.5,1.5,1.5,1.5,TRUE
2528,-1,-1,0,-1,0,0,0,0,1,1,3,1,0,1,2,2,1,1,0,0,1.5,1.5,1.5,1.5,FALSE
2532,1,0,-3,-2,-2,1,0,1,1,2,1,2,0,0,-3,-3,-2,1,1,1,1.5,1.5,1.5,1.5,TRUE
2536,2,3,2,2,2,-1,-1,-1,0,1,2,0,2,1,1,2,2,-1,-1,-1,1.5,1.5,1.5,1.5,FALSE
2572,1,0,-2,-2,-2,-1,-1,-1,0,1,2,0,1,0,0,0,2,0,0,0,1.5,1.5,1.5,1.5,FALSE
2597,0,0,-1,-1,0,-1,-1,-1,0,2,2,0,3,3,2,2,2,-1,-1,-1,1.5,1.5,1.5,1.5,FALSE
2600,1,1,-2,-2,-1,0,-1,0,0,0,2,1,2,2,1,2,1,0,-1,-1,1.5,1.5,1.5,1.5,FALSE
2622,3,3,2,3,3,-1,-1,-1,0,0,2,0,3,3,2,3,3,-1,-1,-1,1.5,1.5,1.5,1.5,FALSE
2629,-1,-1,-2,-2,-2,1,1,1,2,1,0,2,-2,-2,-2,-2,-3,0,0,0,1.5,1.5,1.5,1.5,TRUE
2640,-1,0,-2,-2,-2,-1,-1,-1,0,3,1,1,-3,-3,-2,-2,-2,0,1,1,1.5,1.5,1.5,1.5,FALSE
2646,0,-1,-2,-2,-1,1,1,1,1,2,2,0,1,1,2,2,2,-1,0,0,1.5,1.5,1.5,1.5,TRUE
2654,3,1,2,2,2,-1,-1,-1,0,0,2,0,2,1,0,0,2,-1,-1,-1,1.5,1.5,1.5,1.5,TRUE
2665,1,0,-1,-2,1,0,-1,1,0,1,2,1,-2,-3,-2,-3,-2,1,1,1,1.5,1.5,1.5,1.5,TRUE
2688,-1,0,-1,2,0,0,0,0,1,2,2,1,0,-1,-2,-1,1,0,-1,-1,1.5,1.5,1.5,1.5,TRUE
2690,2,1,2,2,3,-1,-1,-1,0,1,2,0,3,3,2,2,2,-1,-1,-1,1.5,1.5,1.5,1.5,FALSE
2701,2,0,3,2,2,0,0,0,1,3,2,1,2,0,1,2,2,0,0,-1,1.5,1.5,1.5,1.5,TRUE
2716,0,-2,-1,-1,0,0,0,1,2,0,2,1,1,0,0,-1,1,0,0,0,1.5,1.5,1.5,1.5,TRUE
2718,1,1,0,0,1,-1,-1,-1,0,0,2,0,1,1,-1,-1,0,-1,-1,0,1.5,1.5,1.5,1.5,FALSE
2736,1,0,-2,-2,0,-1,0,0,0,1,1,2,0,0,-1,-1,-1,0,1,1,1.5,1.5,1.5,1.5,TRUE
2742,-1,-1,0,-2,0,0,0,1,1,1,2,1,-1,0,0,-1,-1,1,0,1,1.5,1.5,1.5,1.5,FALSE
2750,1,2,2,3,3,0,0,0,2,2,3,0,2,2,2,3,3,0,-1,0,1.5,1.5,1.5,1.5,TRUE
2754,-1,-1,-1,-1,-2,0,0,0,2,2,1,2,0,-1,-1,-1,-2,0,0,0,1.5,1.5,1.5,1.5,FALSE
2761,1,2,1,2,2,0,-1,-1,1,2,2,1,1,2,1,1,2,0,-1,0,1.5,1.5,1.5,1.5,FALSE
2767,3,3,1,1,3,-1,-1,-1,0,0,3,1,1,3,1,0,3,-1,-1,-1,1.5,1.5,1.5,1.5,FALSE
2768,0,1,-1,-2,0,-1,-1,-1,1,1,0,2,2,2,0,0,2,0,-1,-1,1.5,1.5,1.5,1.5,TRUE
2807,-1,0,-1,-1,-1,0,-1,0,2,3,2,2,0,0,1,1,1,-1,-1,-1,1.5,1.5,1.5,1.5,FALSE
2811,2,1,1,1,2,-1,-1,-1,0,1,2,1,2,1,1,2,2,-1,-1,-1,1.5,1.5,1.5,1.5,TRUE
2812,1,1,1,0,-1,0,-1,-1,0,1,1,1,1,1,0,-2,-2,1,0,-1,1.5,1.5,1.5,1.5,FALSE
2813,1,0,-1,-2,1,-1,-1,-1,1,2,2,0,2,1,2,1,3,0,-1,-1,1.5,1.5,1.5,1.5,FALSE
2829,1,1,2,2,2,-1,-1,-1,0,1,2,0,1,1,2,1,2,-1,-1,-1,1.5,1.5,1.5,1.5,FALSE
2840,0,-1,0,-1,1,0,0,0,1,2,1,2,0,1,-1,-1,1,0,0,0,1.5,1.5,1.5,1.5,FALSE
2861,2,2,1,1,2,-1,-1,-1,0,1,2,0,2,2,2,1,2,-1,-1,0,1.5,1.5,1.5,1.5,TRUE
2879,-3,-3,0,-1,-1,1,1,1,2,2,1,2,0,-2,1,-1,-2,1,1,1,1.5,1.5,1.5,1.5,FALSE
2880,1,0,-1,0,0,0,0,0,2,2,2,3,0,-1,1,-1,1,0,0,0,1.5,1.5,1.5,1.5,FALSE
2893,-1,-1,-2,-2,0,1,0,0,2,1,1,1,1,0,1,1,1,0,0,0,1.5,1.5,1.5,1.5,TRUE
2918,2,2,1,2,2,0,0,0,1,2,2,2,-1,0,0,0,1,1,1,1,1.5,1.5,1.5,1.5,FALSE
2930,2,2,1,2,2,0,0,0,0,0,2,1,2,2,2,3,3,0,-1,-1,1.5,1.5,1.5,1.5,FALSE
2941,-2,-3,-3,-3,-3,1,1,1,3,3,0,0,-1,-1,-3,-3,-3,0,0,1,1.5,1.5,1.5,1.5,FALSE
2960,1,3,2,-1,2,0,-1,-1,2,1,3,0,2,2,2,-2,3,1,-1,-1,1.5,1.5,1.5,1.5,FALSE
2964,-2,-2,-3,1,-2,-1,-1,-1,3,2,2,2,-1,-1,-3,1,-1,0,-1,-1,1.5,1.5,1.5,1.5,FALSE
2975,-1,-1,-3,-3,1,1,1,1,3,2,0,2,0,2,-1,-1,2,1,0,-1,1.5,1.5,1.5,1.5,FALSE
2987,1,1,0,-1,1,-1,-1,-1,1,3,2,1,1,0,0,-1,1,0,-1,-1,1.5,1.5,1.5,1.5,FALSE
3014,-1,-2,-2,-1,-3,-1,-1,0,3,2,1,3,-2,-2,-2,-3,-3,0,0,1,1.5,1.5,1.5,1.5,TRUE
3020,1,1,1,1,1,-1,-1,-1,0,3,1,1,1,1,-1,-2,1,-1,-1,-1,1.5,1.5,1.5,1.5,TRUE
3022,0,1,1,-1,2,1,0,0,2,1,1,1,1,1,1,1,1,0,0,0,1.5,1.5,1.5,1.5,FALSE
3024,-1,-1,-1,1,-1,-1,-1,-1,3,2,1,1,0,-1,-1,1,-1,-1,0,0,1.5,1.5,1.5,1.5,FALSE
3051,-1,-1,-2,-2,-1,-1,-1,-1,1,2,1,0,0,1,-1,-1,0,-1,-1,0,1.5,1.5,1.5,1.5,FALSE
3059,0,1,-3,-2,-2,1,0,1,2,2,0,1,1,1,-3,-2,1,0,0,0,1.5,1.5,1.5,1.5,FALSE
3065,1,1,0,0,1,-1,-1,0,1,2,1,1,1,1,0,0,0,0,0,0,1.5,1.5,1.5,1.5,FALSE
3081,2,3,-3,3,1,-1,-1,-1,1,2,3,2,1,0,3,3,-2,0,-1,0,1.5,1.5,1.5,1.5,FALSE
3100,1,2,-1,1,1,0,0,0,2,1,1,2,1,1,-1,0,1,0,0,0,1.5,1.5,1.5,1.5,FALSE
3119,1,1,1,1,2,0,-1,-1,0,2,2,0,1,1,1,0,1,0,0,-1,1.5,1.5,1.5,1.5,FALSE
3125,0,0,1,0,-1,0,0,0,2,1,2,1,0,0,1,0,0,0,0,-1,1.5,1.5,1.5,1.5,TRUE
9584,1,1,1,0,1,0,0,0,0,1,3,1,0,0,-1,-2,-1,0,0,0,1.5,1.5,1.5,1.5,FALSE
9588,1,1,1,1,1,-1,-1,-1,0,2,2,2,1,1,1,1,1,0,0,0,1.5,1.5,1.5,1.5,TRUE
9609,2,1,2,2,2,-1,0,-1,0,0,3,0,2,0,2,2,3,-1,-1,-1,1.5,1.5,1.5,1.5,FALSE
9707,2,1,2,2,2,1,-1,0,1,1,3,0,2,2,1,2,3,-1,0,0,1.5,1.5,1.5,1.5,FALSE
9783,1,1,2,1,2,-1,-1,-1,0,0,1,2,1,2,2,1,2,-1,-1,-1,1.5,1.5,1.5,1.5,TRUE
9787,-1,-1,-3,-3,-3,-1,1,1,3,2,0,3,-2,-3,-3,-3,-3,0,1,1,1.5,1.5,1.5,1.5,FALSE
9910,1,1,-1,-3,0,1,0,0,2,2,1,1,-1,-2,-3,-3,-1,1,1,1,1.5,1.5,1.5,1.5,FALSE
9958,2,0,-3,-2,-2,0,-1,-1,2,0,3,1,2,1,1,2,2,0,0,0,1.5,1.5,1.5,1.5,TRUE
10187,1,0,1,1,2,-1,0,0,0,3,1,1,1,-1,1,0,1,0,0,0,1.5,1.5,1.5,1.5,FALSE
10210,0,1,2,2,1,0,0,0,0,2,2,1,-1,1,-1,-1,1,0,0,0,1.5,1.5,1.5,1.5,TRUE
10218,-3,-3,-2,-2,-2,-1,-1,0,3,3,0,3,-1,-1,-2,-2,-1,-1,-1,-1,1.5,1.5,1.5,1.5,TRUE
10272,3,3,3,3,3,-1,-1,-1,0,1,3,0,3,1,2,3,3,-1,-1,-1,1.5,1.5,1.5,1.5,TRUE
10304,0,1,1,1,-1,1,1,1,3,3,2,2,0,-1,-2,2,-2,1,1,1,1.5,1.5,1.5,1.5,FALSE
10335,-2,-2,-3,-3,-3,1,0,0,3,3,0,2,-2,-3,-2,-2,-2,1,1,1,1.5,1.5,1.5,1.5,TRUE
10363,-1,-2,-2,-2,1,1,1,1,1,3,1,0,-1,-2,-2,-1,-3,1,1,1,1.5,1.5,1.5,1.5,FALSE
10510,1,0,0,-1,-1,1,-1,0,2,2,1,1,0,-1,-2,-2,-3,1,1,0,1.5,1.5,1.5,1.5,FALSE
10534,1,1,-1,-1,2,0,1,0,1,1,1,2,1,1,-1,-1,1,0,0,0,1.5,1.5,1.5,1.5,FALSE
10595,1,1,1,2,2,0,-1,0,1,2,2,0,1,0,1,1,2,-1,-1,-1,1.5,1.5,1.5,1.5,FALSE
10662,3,1,0,-1,0,-1,-1,-1,1,0,2,2,0,-3,-3,-3,0,-1,0,1,1.5,1.5,1.5,1.5,FALSE
10669,2,3,2,2,2,-1,0,-1,0,0,3,2,2,3,2,2,2,-1,-1,-1,1.5,1.5,1.5,1.5,FALSE
10675,2,0,1,0,2,-1,0,0,0,1,1,0,2,0,-1,-1,1,-1,-1,0,1.5,1.5,1.5,1.5,TRUE
10719,1,1,2,2,3,-1,-1,-1,0,0,3,1,0,0,0,0,1,0,-1,-1,1.5,1.5,1.5,1.5,FALSE
10742,-2,-2,-3,-3,-3,0,0,0,3,3,1,2,-2,-1,-3,-3,-2,-1,0,0,1.5,1.5,1.5,1.5,FALSE
10865,2,1,1,0,1,0,0,0,0,0,2,2,1,0,0,1,2,0,0,-1,1.5,1.5,1.5,1.5,FALSE
10940,1,0,1,0,1,0,0,0,0,0,2,1,1,0,1,1,-1,0,0,0,1.5,1.5,1.5,1.5,FALSE
11272,1,0,-1,-1,1,-1,-1,0,2,2,2,0,1,0,-2,-1,-1,-1,-1,0,1.5,1.5,1.5,1.5,FALSE
11408,2,2,1,1,1,-1,-1,-1,0,0,2,0,1,1,0,-1,1,-1,-1,-1,1.5,1.5,1.5,1.5,FALSE
11417,1,1,1,1,2,-1,-1,-1,1,2,2,0,2,3,2,2,3,-1,-1,-1,1.5,1.5,1.5,1.5,FALSE
11513,-1,0,1,0,0,-1,-1,-1,1,1,1,3,0,-1,1,1,1,0,0,0,1.5,1.5,1.5,1.5,TRUE
11544,1,1,-2,2,-1,-1,-1,-1,0,1,2,1,3,3,2,2,1,-1,0,-1,1.5,1.5,1.5,1.5,TRUE
11663,-1,1,1,-1,2,0,-1,-1,1,0,3,1,1,0,0,0,1,0,-1,-1,1.5,1.5,1.5,1.5,FALSE
11692,0,1,2,2,2,-1,0,0,1,1,2,1,1,2,2,2,3,-1,-1,0,1.5,1.5,1.5,1.5,FALSE
11724,-2,-2,-2,-2,-2,0,0,0,1,2,2,2,-1,-1,-2,-2,-2,0,1,1,1.5,1.5,1.5,1.5,FALSE
11770,2,2,3,3,3,-1,-1,-1,0,1,2,0,2,1,2,3,2,-1,-1,-1,1.5,1.5,1.5,1.5,TRUE
12066,-1,-1,-3,-2,-2,0,1,0,2,0,1,0,-1,-1,-2,-2,-2,1,1,1,1.5,1.5,1.5,1.5,FALSE
12088,0,1,1,1,2,-1,0,-1,1,0,2,1,2,1,2,2,2,-1,-1,-1,1.5,1.5,1.5,1.5,FALSE
12157,-1,-1,-2,-2,-2,1,1,1,2,3,2,2,-1,0,-2,-2,-2,0,0,1,1.5,1.5,1.5,1.5,FALSE
12174,1,3,1,1,2,-1,-1,-1,0,0,2,0,2,1,1,1,2,-1,-1,-1,1.5,1.5,1.5,1.5,TRUE
12180,1,1,1,0,2,0,-1,-1,0,2,2,1,1,0,-1,-2,0,1,-1,0,1.5,1.5,1.5,1.5,TRUE
12182,1,1,0,0,1,0,0,0,0,1,2,2,2,1,0,0,2,0,0,0,1.5,1.5,1.5,1.5,FALSE
12326,1,2,2,0,-1,0,-1,0,1,0,2,1,1,3,1,2,2,-1,-1,-1,1.5,1.5,1.5,1.5,TRUE
12550,1,1,-2,-2,1,-1,-1,-1,1,2,1,1,3,1,1,1,1,-1,-1,-1,1.5,1.5,1.5,1.5,FALSE
12616,2,2,2,1,2,0,0,0,1,2,1,1,1,2,2,1,2,1,0,0,1.5,1.5,1.5,1.5,TRUE
12636,1,1,1,2,2,0,0,0,0,0,2,3,1,1,0,1,2,0,0,0,1.5,1.5,1.5,1.5,TRUE
12662,1,1,-1,-2,-1,0,0,0,0,2,1,1,1,1,1,1,1,0,-1,0,1.5,1.5,1.5,1.5,FALSE
12676,3,2,3,3,3,-1,-1,-1,0,2,3,0,3,2,2,1,3,-1,-1,-1,1.5,1.5,1.5,1.5,FALSE
12698,0,-1,-2,1,-2,-1,0,1,2,3,0,3,1,0,1,0,1,-1,-1,0,1.5,1.5,1.5,1.5,FALSE
12728,1,1,1,0,2,0,0,-1,0,1,2,0,1,0,-1,0,2,-1,0,-1,1.5,1.5,1.5,1.5,FALSE
12764,3,3,1,1,2,-1,-1,-1,0,1,2,1,0,0,0,0,0,0,0,0,1.5,1.5,1.5,1.5,TRUE
12925,2,2,2,2,2,-1,-1,0,0,0,1,1,3,3,3,3,3,-1,-1,-1,1.5,1.5,1.5,1.5,FALSE
12970,-1,-1,-1,-1,1,0,0,0,0,2,2,2,2,1,1,2,3,-1,-1,-1,1.5,1.5,1.5,1.5,TRUE
13031,2,0,1,1,2,-1,0,0,1,2,2,1,1,1,1,1,2,-1,-1,0,1.5,1.5,1.5,1.5,FALSE
13317,0,0,1,2,1,0,0,1,1,0,1,0,0,0,-1,1,1,0,0,0,1.5,1.5,1.5,1.5,FALSE
13396,-2,-1,-3,-3,-3,1,1,1,3,3,0,3,0,-1,-3,0,-3,1,0,0,1.5,1.5,1.5,1.5,FALSE
13507,-1,-1,-2,-2,-2,-1,-1,-1,2,1,2,1,1,-1,-2,-1,-2,-1,-1,-1,1.5,1.5,1.5,1.5,TRUE
13711,1,0,1,0,2,1,0,-1,0,1,1,2,1,2,-1,1,2,0,0,-1,1.5,1.5,1.5,1.5,FALSE
13768,1,1,0,0,1,1,0,0,2,2,3,1,1,1,1,0,2,0,-1,-1,1.5,1.5,1.5,1.5,FALSE
13941,1,0,1,-1,1,-1,-1,-1,1,1,2,1,0,0,1,1,1,-1,-1,-1,1.5,1.5,1.5,1.5,FALSE
14012,0,0,0,0,0,0,-1,0,2,2,2,1,-1,0,0,-1,-1,1,0,0,1.5,1.5,1.5,1.5,FALSE
14021,2,1,2,1,2,-1,-1,-1,0,0,3,1,2,2,2,1,1,-1,-1,-1,1.5,1.5,1.5,1.5,TRUE
14039,2,0,2,1,2,1,0,-1,0,1,2,1,2,0,1,1,2,0,-1,0,1.5,1.5,1.5,1.5,TRUE
14117,-3,-1,-2,-3,-1,0,0,0,3,3,0,1,-2,-2,-3,-3,-3,0,-1,-1,1.5,1.5,1.5,1.5,TRUE
14123,0,0,0,-1,2,1,-1,-1,1,0,1,0,0,0,-2,-2,-1,1,0,0,1.5,1.5,1.5,1.5,TRUE
14159,-2,-2,-3,-3,-3,1,0,1,2,2,0,2,-2,-2,-3,-2,-3,1,1,1,1.5,1.5,1.5,1.5,FALSE
14205,0,-1,-2,-1,1,0,-1,1,2,1,1,1,-1,-1,-1,-1,-1,0,-1,0,1.5,1.5,1.5,1.5,TRUE
14221,-2,-1,-2,-1,-2,0,0,0,2,2,2,0,-1,0,-2,-2,-2,0,0,0,1.5,1.5,1.5,1.5,TRUE
14225,3,1,2,1,1,-1,-1,-1,0,0,2,1,3,2,1,1,1,0,-1,-1,1.5,1.5,1.5,1.5,FALSE
14248,3,1,2,2,2,-1,-1,-1,0,0,2,1,2,2,2,2,2,-1,-1,-1,1.5,1.5,1.5,1.5,FALSE
14277,2,2,1,2,2,-1,-1,-1,0,1,0,1,3,1,0,2,2,-1,-1,-1,1.5,1.5,1.5,1.5,FALSE
14308,1,1,0,0,0,0,0,0,2,1,2,1,0,0,0,0,0,0,0,0,1.5,1.5,1.5,1.5,FALSE
14321,3,1,1,2,2,1,1,1,1,2,1,3,0,-2,-1,0,1,0,0,0,1.5,1.5,1.5,1.5,FALSE
14402,1,1,0,0,0,0,-1,-1,0,0,1,2,2,2,2,2,2,0,-1,-1,1.5,1.5,1.5,1.5,FALSE
14551,0,0,-1,0,0,1,1,1,1,2,0,2,1,0,0,1,1,0,1,-1,1.5,1.5,1.5,1.5,FALSE
14557,0,0,0,0,2,-1,-1,-1,0,2,2,3,0,0,0,0,0,0,0,0,1.5,1.5,1.5,1.5,FALSE
14718,3,3,3,3,3,-1,-1,-1,0,1,3,0,2,1,2,2,2,-1,-1,-1,1.5,1.5,1.5,1.5,TRUE
14729,0,-2,-1,-1,-2,0,0,1,1,2,1,1,0,-3,-1,-1,-2,0,1,0,1.5,1.5,1.5,1.5,FALSE
14738,0,1,0,0,1,0,1,0,2,3,2,1,0,-2,0,-1,-1,0,0,0,1.5,1.5,1.5,1.5,FALSE
14751,-1,-1,-2,-2,-2,0,0,0,1,2,2,0,0,0,-1,-1,2,0,0,0,1.5,1.5,1.5,1.5,FALSE
14791,0,1,1,0,1,0,0,-1,1,2,1,2,1,2,2,2,3,0,0,0,1.5,1.5,1.5,1.5,FALSE
14866,3,3,-1,1,2,0,1,1,1,0,2,1,1,2,2,2,3,0,0,0,1.5,1.5,1.5,1.5,TRUE
14974,0,0,1,1,1,-1,-1,-1,1,3,2,0,-1,0,1,1,1,-1,-1,-1,1.5,1.5,1.5,1.5,FALSE
15023,1,2,2,1,2,-1,-1,-1,0,3,2,0,2,2,-1,2,2,0,0,0,1.5,1.5,1.5,1.5,FALSE
15035,0,-1,-1,-1,0,0,0,0,2,2,1,3,0,0,0,-1,0,0,-1,-1,1.5,1.5,1.5,1.5,FALSE
15036,2,3,2,3,3,-1,-1,-1,0,1,2,0,1,1,-1,-1,2,-1,-1,-1,1.5,1.5,1.5,1.5,FALSE
15076,-3,-3,0,2,-2,1,0,1,2,3,1,2,-1,-3,-1,-2,-1,1,0,1,1.5,1.5,1.5,1.5,FALSE
15096,3,1,1,2,2,-1,-1,0,0,1,1,2,2,1,1,2,1,-1,-1,0,1.5,1.5,1.5,1.5,TRUE
15157,2,3,1,1,2,1,0,0,1,2,2,0,-1,-2,-1,-1,1,1,0,1,1.5,1.5,1.5,1.5,FALSE
15163,1,-1,-3,-3,0,1,1,1,1,1,2,3,0,-2,-2,-3,-1,1,0,0,1.5,1.5,1.5,1.5,FALSE
15174,0,0,1,-1,-1,1,0,0,2,1.5,2,1,2,1,-1,-2,-1,0,0,-1,1.5,1.5,1.5,1.5,FALSE
15220,0,1,0,0,1,0,0,-1,1,2,3,0,1,0,0,0,1,-1,-1,-1,1.5,1.5,1.5,1.5,FALSE
15306,2,1,1,2,2,0,-1,-1,0,0,2,1,2,0,1,1,2,-1,0,-1,1.5,1.5,1.5,1.5,TRUE
15507,1,2,-2,-2,1,0,0,0,1,0,1,0,-1,0,0,0,2,1,-1,0,1.5,1.5,1.5,1.5,TRUE
15519,1,1,1,2,2,0,-1,-1,0,2,2,1,1,1,1,1,1,-1,-1,-1,1.5,1.5,1.5,1.5,TRUE
15564,1,-1,-2,-2,-1,-1,0,0,2,2,1,2,1,0,-1,2,0,0,0,0,1.5,1.5,1.5,1.5,FALSE
15678,1,0,1,2,2,0,0,0,0,1,1,2,1,1,1,2,2,0,0,0,1.5,1.5,1.5,1.5,FALSE
15691,0,0,1,1,-1,1,1,1,1,1,2,0,-1,0,-1,1,-1,1,1,1,1.5,1.5,1.5,1.5,FALSE
15761,1,1,1,1,1,-1,-1,0,1,1,1,1,1,0,1,1,2,-1,0,0,1.5,1.5,1.5,1.5,TRUE
15770,-1,-2,1,1,2,-1,0,0,2,3,1,1,1,2,1,3,3,-1,-1,-1,1.5,1.5,1.5,1.5,FALSE
15799,3,3,1,1,3,-1,-1,-1,0,1,3,2,3,3,2,0,2,-1,-1,-1,1.5,1.5,1.5,1.5,TRUE
15802,1,2,2,2,2,0,0,0,0,1,2,1,2,2,1,2,2,0,0,0,1.5,1.5,1.5,1.5,FALSE
15808,2,2,2,2,2,-1,-1,-1,2,0,2,1,2,2,3,1,2,-1,-1,-1,1.5,1.5,1.5,1.5,FALSE
15817,0,-1,0,0,1,1,0,0,1,0,2,2,0,0,1,2,1,0,0,0,1.5,1.5,1.5,1.5,FALSE
15821,1,0,-1,-1,-1,-1,0,-1,1,2,1,2,0,-1,-1,-1,-2,-1,0,0,1.5,1.5,1.5,1.5,FALSE
15845,3,1,-1,-1,2,-1,-1,-1,0,2,1,1,0,0,-3,-3,-3,-1,0,0,1.5,1.5,1.5,1.5,FALSE
15926,1,1,1,0,1,0,-1,-1,0,2,1,0,1,0,2,2,2,0,-1,0,1.5,1.5,1.5,1.5,TRUE
16006,-2,-3,0,-2,-2,0,0,1,3,2,0,1,-2,-3,-1,-2,-2,1,1,1,1.5,1.5,1.5,1.5,FALSE
16028,1,2,-1,-1,-2,-1,0,0,3,3,1,2,3,2,2,-2,-2,-1,0,0,1.5,1.5,1.5,1.5,TRUE
16102,0,0,1,2,2,0,0,-1,0,1,3,1,-1,-2,-1,1,-1,0,0,1,1.5,1.5,1.5,1.5,TRUE
16126,1,2,2,3,2,0,-1,-1,1,1,2,1,1,2,1,2,2,0,-1,-1,1.5,1.5,1.5,1.5,FALSE
16132,2,2,2,2,2,-1,-1,-1,0,0,3,1,3,3,2,2,2,-1,-1,-1,1.5,1.5,1.5,1.5,FALSE
16181,-1,0,-2,-2,-1,0,-1,0,2,1,1,1,-1,-1,-2,-2,-1,0,-1,1,1.5,1.5,1.5,1.5,FALSE
16302,0,0,-1,-1,-1,0,0,0,1,1,1,1,-1,-3,-3,-3,-3,0,1,0,1.5,1.5,1.5,1.5,FALSE
16320,-2,-3,-3,0,-2,1,1,1,3,2,1,2,0,-2,-1,1,-2,0,0,0,1.5,1.5,1.5,1.5,FALSE
16402,-1,-1,-1,-1,-1,0,-1,0,1,1,2,2,0,0,-1,-1,0,0,0,-1,1.5,1.5,1.5,1.5,TRUE
16432,0,1,0,-1,-1,1,0,-1,3,3,2,0,0,0,-1,-1,-1,1,1,1,1.5,1.5,1.5,1.5,TRUE
16462,3,3,3,3,3,-1,-1,-1,0,0,0,0,3,3,2,2,2,-1,-1,-1,1.5,1.5,1.5,1.5,TRUE
16518,0,-2,-2,-1,-1,1,1,1,2,0,2,3,-3,-3,-1,-2,-2,1,1,1,1.5,1.5,1.5,1.5,FALSE
16647,-1,-1,-2,-2,-2,-1,-1,-1,1,1,1,1,0,-1,-2,-2,0,-1,-1,-1,1.5,1.5,1.5,1.5,FALSE
16648,-1,-1,-2,-2,-1,-1,-1,0,1,3,3,2,0,0,1,1,2,-1,-1,-1,1.5,1.5,1.5,1.5,FALSE
16865,0,0,-1,-2,0,-1,-1,-1,0,2,3,0,1,1,0,-2,-1,1,-1,-1,1.5,1.5,1.5,1.5,TRUE
16868,0,2,1,1,1,1,0,0,2,2,2,0,1,1,-2,-2,-2,1,1,1,1.5,1.5,1.5,1.5,FALSE
16954,0,1,-1,-1,2,0,0,0,1,2,2,1,1,2,-2,-2,1,0,0,0,1.5,1.5,1.5,1.5,TRUE
16974,2,2,2,2,2,-1,-1,-1,0,1,2,0,3,3,2,2,3,0,-1,-1,1.5,1.5,1.5,1.5,FALSE
16988,1,0,0,-1,-1,1,0,0,1,1,2,1,0,-1,-2,-1,0,1,0,0,1.5,1.5,1.5,1.5,FALSE
17102,2,2,2,2,2,0,0,-1,0,2,2,0,1,1,0,2,2,-1,-1,0,1.5,1.5,1.5,1.5,FALSE
17136,2,0,1,1,2,0,-1,-1,1,1,2,1,0,-1,0,1,1,1,-1,0,1.5,1.5,1.5,1.5,TRUE
17138,0,0,-3,-3,-3,0,0,1,2,1,1,2,1,-3,-1,-2,-3,0,0,-1,1.5,1.5,1.5,1.5,TRUE
17208,0,0,0,1,-1,1,0,0,1,1,1,2,0,-1,-1,0,0,0,-1,-1,1.5,1.5,1.5,1.5,TRUE
17316,-2,-2,-2,-2,-2,0,0,1,3,3,2,3,-2,-2,-2,-2,-2,1,1,1,1.5,1.5,1.5,1.5,TRUE
17353,2,2,-1,-1,-1,0,-1,0,1,1,2,0,0,-1,-2,-2,-2,0,-1,0,1.5,1.5,1.5,1.5,FALSE
17442,3,3,3,3,3,-1,-1,-1,0,1,3,0,3,3,3,3,3,-1,-1,-1,1.5,1.5,1.5,1.5,FALSE
17448,-3,-1,-2,-2,-2,0,0,0,3,2,1,2,0,-1,1,-1,-1,0,0,-1,1.5,1.5,1.5,1.5,TRUE
17476,-1,-1,-1,-1,-1,0,0,0,1,2,1,0,-1,-1,-2,-2,-1,0,0,0,1.5,1.5,1.5,1.5,FALSE
17532,0,-1,-2,-2,-2,1,1,1,3,3,2,2,1,-1,-1,-1,0,1,1,1,1.5,1.5,1.5,1.5,FALSE
17582,0,0,-1,-1,0,1,0,0,2,1,0,1,1,1,0,-1,-1,1,0,0,1.5,1.5,1.5,1.5,FALSE
18106,0,-2,-2,-2,-1,0,0,0,1,2,2,0,0,-1,-2,-1,-2,0,-1,0,1.5,1.5,1.5,1.5,FALSE
18155,1,1,2,2,2,-1,-1,-1,0,1,3,1,2,2,2,2,2,-1,-1,-1,1.5,1.5,1.5,1.5,FALSE
18162,1,0,0,0,2,-1,-1,-1,1,0,2,1,0,0,-2,-1,-1,-1,0,0,1.5,1.5,1.5,1.5,FALSE
18279,3,3,3,3,3,-1,-1,-1,0,1,2,1,2,1,2,3,3,-1,0,0,1.5,1.5,1.5,1.5,FALSE
18324,-2,-2,-2,-2,-1,-1,-1,-1,0,2,2,0,-1,-1,-1,-2,-1,-1,-1,-1,1.5,1.5,1.5,1.5,FALSE
18500,-2,-2,0,-1,-1,0,0,1,1,2,3,2,-1,1,0,1,-1,0,0,1,1.5,1.5,1.5,1.5,FALSE
18560,0,-2,1,1,1,0,0,-1,2,1,2,2,1,0,-1,1,1,0,0,0,1.5,1.5,1.5,1.5,FALSE
18615,2,0,0,1,1,0,-1,-1,0,1,3,1,1,1,-2,0,1,1,-1,-1,1.5,1.5,1.5,1.5,TRUE
18667,-1,-1,-3,-3,-2,0,-1,0,2,3,1,2,-1,-1,-2,-1,-2,1,0,0,1.5,1.5,1.5,1.5,FALSE
18700,2,1,0,1,1,-1,-1,-1,0,1,2,0,2,2,2,1,2,0,0,0,1.5,1.5,1.5,1.5,FALSE
18769,1,0,-1,-1,1,0,-1,-1,0,0,2,1,1,-3,-2,-1,1,0,-1,-1,1.5,1.5,1.5,1.5,TRUE
18911,-2,-3,-2,-2,1,-1,-1,-1,2,3,1,0,-1,0,-1,-1,0,0,1,1,1.5,1.5,1.5,1.5,FALSE
18949,2,1,1,-1,2,0,-1,-1,1,0,1,0,2,2,1,1,3,-1,-1,-1,1.5,1.5,1.5,1.5,FALSE
18988,1,1,-2,-2,-2,-1,-1,-1,0,1,2,1,1,0,0,-2,-1,-1,-1,-1,1.5,1.5,1.5,1.5,FALSE
19304,1,1,1,1,1,-1,-1,-1,0,1,1,1,2,2,0,-1,2,-1,0,-1,1.5,1.5,1.5,1.5,FALSE
19323,0,0,-2,-2,0,0,0,-1,1,2,1,2,0,-1,-2,-2,-1,1,-1,1,1.5,1.5,1.5,1.5,FALSE
19344,0,0,1,1,1,0,0,0,3,3,2,2,-1,-1,-2,-2,-2,1,1,1,1.5,1.5,1.5,1.5,TRUE
19386,1,2,1,1,1,-1,-1,-1,0,1,2,2,1,2,1,0,1,-1,-1,-1,1.5,1.5,1.5,1.5,FALSE
19414,0,-1,1,1,2,0,-1,0,2,2,2,1,1,0,1,1,1,0,0,0,1.5,1.5,1.5,1.5,FALSE
19429,2,1,1,1,1,-1,-1,-1,0,0,3,0,2,2,1,1,1,-1,-1,-1,1.5,1.5,1.5,1.5,TRUE
19454,-1,-2,-2,-3,-1,0,1,0,2,2,0,2,1,0,-1,-1,-1,0,0,1,1.5,1.5,1.5,1.5,TRUE
19492,1,1,1,2,2,0,-1,0,0,1,0,0,1,0,1,1,1,-1,-1,0,1.5,1.5,1.5,1.5,FALSE
19597,1,1,2,1,2,-1,-1,-1,1,0,2,2,2,2,2,2,2,-1,-1,-1,1.5,1.5,1.5,1.5,TRUE
19699,3,2,2,2,2,-1,-1,-1,0,0,2,2,1,0,-2,-2,-2,-1,-1,-1,1.5,1.5,1.5,1.5,FALSE
19705,0,0,0,1,1,0,0,0,2,2,1,1,0,0,0,-2,0,0,0,0,1.5,1.5,1.5,1.5,FALSE
19710,1,1,-1,-1,1,-1,-1,0,1,2,1,2,0,0,-1,-1,1,-1,-1,0,1.5,1.5,1.5,1.5,FALSE
19794,-2,-2,-3,-2,-2,0,0,1,2,3,0,1,-1,-3,-2,-2,-2,1,1,1,1.5,1.5,1.5,1.5,FALSE
19867,2,0,1,2,3,0,-1,-1,1,2,3,0,0,1,-2,1,-1,0,-1,0,1.5,1.5,1.5,1.5,FALSE
19884,0,0,2,2,1,0,0,0,1,2,2,2,2,1,2,1,2,-1,-1,0,1.5,1.5,1.5,1.5,FALSE
19904,1,1,1,1,1,-1,-1,-1,1,2,2,1,0,0,1,-1,2,-1,0,0,1.5,1.5,1.5,1.5,FALSE
19965,-1,-1,-3,-3,-2,1,1,1,3,3,1,3,-3,-3,-3,-3,-2,1,1,1,1.5,1.5,1.5,1.5,FALSE
20078,1,1,0,0,1,0,-1,-1,2,2,1,1,-1,0,-1,-1,0,0,0,-1,1.5,1.5,1.5,1.5,TRUE
20104,-1,-2,-2,-2,-2,1,0,1,2,0,0,2,-2,-3,-2,-2,-2,1,0,1,1.5,1.5,1.5,1.5,FALSE
20117,1,0,-1,-1,1,1,1,1,1,2,0,2,1,1,1,1,2,0,1,0,1.5,1.5,1.5,1.5,TRUE
20243,2,2,2,2,2,-1,-1,-1,1,1,2,1,2,2,2,2,2,-1,0,-1,1.5,1.5,1.5,1.5,TRUE
20382,0,0,-1,-2,-2,0,-1,0,1,1,1,1,0,0,0,0,0,0,-1,-1,1.5,1.5,1.5,1.5,TRUE
20389,3,3,0,0,0,0,-1,0,1,1,1,3,1,0,0,0,0,1,0,0,1.5,1.5,1.5,1.5,FALSE
20418,0,-1,-1,-1,1,0,0,0,1,1,1,2,1,0,1,1,2,-1,0,-1,1.5,1.5,1.5,1.5,TRUE
20492,3,3,2,2,1,-1,-1,-1,0,0,2,0,2,2,2,2,2,-1,-1,-1,1.5,1.5,1.5,1.5,FALSE
20519,2,1,2,2,2,-1,-1,-1,0,1,2,1,2,1,2,2,2,-1,-1,-1,1.5,1.5,1.5,1.5,FALSE
20542,1,0,1,1,2,0,-1,-1,0,1,1,0,2,1,1,1,1,-1,-1,-1,1.5,1.5,1.5,1.5,TRUE
20547,3,3,3,3,3,-1,-1,-1,0,0,3,2,3,3,3,3,3,-1,-1,-1,1.5,1.5,1.5,1.5,TRUE
20571,1,2,1,1,2,0,-1,-1,0,0,1,1,1,2,1,1,2,0,0,0,1.5,1.5,1.5,1.5,FALSE
20623,2,2,0,1,2,-1,-1,-1,0,0,2,1.5,2,2,0,1,3,-1,-1,-1,1.5,1.5,1.5,1.5,TRUE
20666,1,1,1,1,1,-1,-1,0,0,1,0,2,0,0,-2,-2,0,0,0,0,1.5,1.5,1.5,1.5,FALSE
20757,1,2,1,0,2,0,0,-1,2,1,2,0,-1,0,-1,0,2,0,-1,-1,1.5,1.5,1.5,1.5,FALSE
20763,1,1,1,1,0,0,-1,-1,0,2,2,2,0,-1,-1,-1,-2,-1,-1,-1,1.5,1.5,1.5,1.5,FALSE
20780,0,0,0,0,1,0,-1,-1,0,0,2,1,0,0,-2,-1,-1,-1,-1,-1,1.5,1.5,1.5,1.5,FALSE
20835,2,2,2,2,2,0,0,1,0,1,2,1,2,2,2,2,2,0,0,0,1.5,1.5,1.5,1.5,FALSE
20968,1,2,1,1,3,-1,-1,-1,0,0,2,0,2,2,2,2,2,-1,-1,-1,1.5,1.5,1.5,1.5,TRUE
21000,1,1,0,0,2,0,0,0,1,0,2,1,1,1,-1,2,2,0,0,0,1.5,1.5,1.5,1.5,FALSE
21038,3,1,1,0,1,0,0,0,1,1,1,1,3,3,0,-1,2,0,0,0,1.5,1.5,1.5,1.5,TRUE
21074,3,3,3,3,3,-1,-1,-1,0,0,2,1,3,3,3,2,2,-1,-1,-1,1.5,1.5,1.5,1.5,TRUE
21075,-1,-1,-1,-2,-1,0,0,0,2,2,1,2,0,0,0,-2,0,0,0,0,1.5,1.5,1.5,1.5,FALSE
21120,1,1,1,1,1,-1,0,0,0,1,1,0,3,3,3,3,3,-1,-1,-1,1.5,1.5,1.5,1.5,FALSE
21141,1,2,0,-1,-2,1,0,0,1,0,2,1,-1,1,-2,-2,-2,1,0,-1,1.5,1.5,1.5,1.5,FALSE
21184,1,2,2,1,2,-1,-1,-1,1,1,2,2,2,1,1,2,2,0,-1,0,1.5,1.5,1.5,1.5,TRUE
21191,1,2,-2,-1,1,0,1,1,0,1,2,0,2,2,1,0,2,0,1,0,1.5,1.5,1.5,1.5,FALSE
21194,0,-1,1,-1,-1,0,0,0,1,2,1,0,1,-1,-1,1,1,-1,-1,0,1.5,1.5,1.5,1.5,TRUE
21216,-1,-1,1,-1,0,1,0,-1,1,0,2,1,-1,-1,-2,-2,-2,1,-1,0,1.5,1.5,1.5,1.5,TRUE
21272,1,0,0,-2,-1,-1,-1,-1,1,3,2,2,1,0,-1,-1,-1,-1,-1,-1,1.5,1.5,1.5,1.5,TRUE
21281,2,2,1,1,1,-1,-1,-1,1,1,2,1,1,0,-2,-2,-1,-1,-1,-1,1.5,1.5,1.5,1.5,FALSE
21285,3,2,2,2,3,-1,-1,-1,0,1,3,0,3,3,3,3,3,-1,-1,-1,1.5,1.5,1.5,1.5,FALSE
21361,1,0,-1,-1,0,-1,-1,-1,2,2,0,2,2,2,0,0,1,-1,-1,-1,1.5,1.5,1.5,1.5,FALSE
21397,1,2,1,2,2,0,0,-1,0,1,2,1,-1,1,-2,-2,-2,0,0,0,1.5,1.5,1.5,1.5,FALSE
21443,1,1,1,0,1,-1,-1,-1,1,1,2,1,0,0,1,1,1,-1,-1,-1,1.5,1.5,1.5,1.5,FALSE
21484,-2,-2,-2,-3,-3,-1,-1,-1,3,3,3,0,0,0,-2,-2,-1,-1,-1,-1,1.5,1.5,1.5,1.5,FALSE
21503,0,0,0,-1,0,0,0,0,1,0,2,1,-2,-1,-2,-2,-2,1,0,1,1.5,1.5,1.5,1.5,FALSE
21542,2,0,-1,-1,0,-1,-1,-1,0,0,1,2,2,1,-1,-1,0,-1,-1,-1,1.5,1.5,1.5,1.5,FALSE
21555,1,1,0,0,2,-1,0,-1,0,0,1,1,1,1,2,2,2,-1,-1,-1,1.5,1.5,1.5,1.5,TRUE
21568,1,1,-2,-2,-2,1,1,1,2,3,1,0,2,0,-2,-2,-2,0,0,1,1.5,1.5,1.5,1.5,FALSE
21616,-1,-1,1,2,1,-1,-1,-1,1,0,2,1,-1,-2,-1,1,1,0,-1,-1,1.5,1.5,1.5,1.5,FALSE
21624,1,1,0,1,2,-1,-1,-1,0,0,2,2,2,1,1,1,3,-1,-1,-1,1.5,1.5,1.5,1.5,FALSE
21685,1,0,1,1,1,1,0,0,2,2,3,0,0,0,0,0,0,1,1,1,1.5,1.5,1.5,1.5,FALSE
21713,2,2,2,2,2,-1,-1,-1,0,0,2,1,2,2,3,3,3,-1,-1,-1,1.5,1.5,1.5,1.5,FALSE
21723,2,1,2,2,3,-1,-1,-1,0,1,2,1,2,0,2,2,3,-1,0,0,1.5,1.5,1.5,1.5,TRUE
21726,-1,-1,1,0,2,-1,-1,0,2,2,3,0,0,2,1,0,1,-1,0,-1,1.5,1.5,1.5,1.5,TRUE
21746,0,-3,-3,-3,-3,1,1,1,3,3,0,3,-2,-3,-3,-2,-3,1,1,1,1.5,1.5,1.5,1.5,FALSE
21764,0,-1,0,0,-1,-1,-1,0,3,3,0,0,-1,-3,-2,-2,-2,0,0,1,1.5,1.5,1.5,1.5,FALSE
21776,2,2,2,2,3,1,-1,0,0,0,3,1,2,0,1,0,2,0,-1,-1,1.5,1.5,1.5,1.5,TRUE
21826,1,0,-1,-1,1,1,0,0,1,2,1,2,0,-1,-2,-1,1,1,1,1,1.5,1.5,1.5,1.5,FALSE
21890,0,1,1,-1,1,-1,-1,-1,1,1,2,1,1,2,1,1,1,0,0,-1,1.5,1.5,1.5,1.5,FALSE
21906,1,1,2,1,-1,0,0,0,1,1,0,1,2,0,1,1,2,-1,0,-1,1.5,1.5,1.5,1.5,FALSE
21913,1,1,-1,-1,2,0,-1,0,1,1,2,1,2,1,-2,-2,-1,-1,-1,-1,1.5,1.5,1.5,1.5,TRUE
22000,1,1,-2,-3,-3,0,1,0,0,1,2,0,2,2,1,-2,2,-1,-1,-1,1.5,1.5,1.5,1.5,FALSE
22139,0,0,-2,-1,-1,-1,0,-1,1,1,2,0,0,1,-2,-2,-2,0,1,0,1.5,1.5,1.5,1.5,FALSE
22142,1,1,-3,-2,-3,1,0,0,2,2,1,0,-3,-3,-2,-3,-3,1,0,0,1.5,1.5,1.5,1.5,FALSE
22193,1,0,0,0,2,1,0,1,1,2,2,1,1,0,-1,1,1,0,0,0,1.5,1.5,1.5,1.5,FALSE
22290,3,3,2,2,2,-1,0,0,0,1,2,2,3,3,2,2,2,-1,-1,-1,1.5,1.5,1.5,1.5,FALSE
22310,0,0,0,1,1,0,0,0,1,1,2,1,0,0,-1,-1,-1,0,0,0,1.5,1.5,1.5,1.5,TRUE
22444,1,1,2,3,1,0,0,0,1,0,2,0,0,0,1,2,1,0,0,-1,1.5,1.5,1.5,1.5,FALSE
22477,1,0,-1,-2,-2,-1,-1,0,1,1,2,1,-1,-1,-3,-2,-2,-1,-1,0,1.5,1.5,1.5,1.5,FALSE
22523,1,1,-2,-1,-1,-1,-1,-1,0,0,2,0,2,2,1,2,1,-1,-1,-1,1.5,1.5,1.5,1.5,TRUE
22624,-1,0,-2,2,1,-1,-1,-1,1,2,2,1,2,2,-1,-1,0,0,-1,0,1.5,1.5,1.5,1.5,TRUE
22701,1,1,1,1,2,1,0,-1,1,1,2,2,2,1,2,1,1,0,0,-1,1.5,1.5,1.5,1.5,TRUE
22705,2,2,-1,0,-1,0,0,-1,1,2,1,2,2,3,0,1,-1,0,0,0,1.5,1.5,1.5,1.5,TRUE
22726,-2,-2,-2,-2,-2,0,0,1,3,2,0,0,-1,-2,-3,-2,-3,0,0,0,1.5,1.5,1.5,1.5,FALSE
22858,1,-1,-1,-3,-1,0,1,1,2,3,3,0,0,-3,-3,-3,-3,0,1,0,1.5,1.5,1.5,1.5,TRUE
22947,1,1,2,1,2,-1,0,-1,1,0,2,1,2,1,2,2,2,-1,0,-1,1.5,1.5,1.5,1.5,FALSE
22999,2,0,-1,0,0,-1,-1,-1,1,2,2,1,2,1,0,0,1,-1,0,-1,1.5,1.5,1.5,1.5,FALSE
23078,1,1,2,2,2,-1,-1,0,0,1,2,2,2,3,2,3,2,0,0,0,1.5,1.5,1.5,1.5,FALSE
23111,1,0,0,-2,-1,-1,-1,-1,0,1,2,2,1,2,0,0,1,-1,-1,-1,1.5,1.5,1.5,1.5,FALSE
23330,2,3,-1,2,3,-1,-1,-1,0,1,2,0,2,2,3,3,3,-1,-1,-1,1.5,1.5,1.5,1.5,TRUE
23398,2,2,2,2,2,-1,-1,-1,0,1,2,1,2,0,2,2,2,-1,-1,-1,1.5,1.5,1.5,1.5,FALSE
23427,-1,-1,-2,-1,-1,-1,0,0,2,3,1,1,0,-1,0,-1,1,0,0,0,1.5,1.5,1.5,1.5,FALSE
23454,1,0,-1,1,2,-1,-1,-1,0,0,2,1,2,2,1,2,2,-1,-1,-1,1.5,1.5,1.5,1.5,FALSE
23503,2,2,2,2,2,-1,-1,-1,0,0,2,1,2,2,2,2,2,0,0,0,1.5,1.5,1.5,1.5,TRUE
23597,-1,-1,-1,-2,-2,0,0,0,1,2,2,0,1,-1,-2,-2,-1,0,0,0,1.5,1.5,1.5,1.5,FALSE
23612,1,-1,1,1,0,1,0,0,0,0,1,2,1,2,0,0,1,1,1,0,1.5,1.5,1.5,1.5,FALSE
23703,0,0,-2,-2,-1,1,0,0,1,0,0,2,0,-1,-1,-2,-2,1,1,1,1.5,1.5,1.5,1.5,FALSE
23706,0,1,0,1,1,-1,-1,-1,0,1,2,1,2,2,0,2,2,-1,-1,-1,1.5,1.5,1.5,1.5,FALSE
23718,-1,-1,-2,-2,-2,-1,0,0,2,2,2,1,0,-2,-2,-2,-2,0,1,1,1.5,1.5,1.5,1.5,TRUE
23752,1,-2,-2,-2,-1,-1,1,1,3,3,1,3,-1,-2,-2,-2,-2,0,0,1,1.5,1.5,1.5,1.5,FALSE
23786,0,0,-2,0,-1,0,0,0,2,2,1,1,0,0,0,0,0,0,0,0,1.5,1.5,1.5,1.5,FALSE
23877,-2,-2,-3,-2,-3,1,1,1,3,3,1,2,-1,-1,-3,-3,-2,1,0,0,1.5,1.5,1.5,1.5,FALSE
24011,-1,-1,-1,-1,-1,0,0,0,2,2,2,0,-1,-1,-1,1,-2,0,1,1,1.5,1.5,1.5,1.5,FALSE
24046,3,2,2,1,2,-1,-1,-1,0,0,2,0,1,0,2,2,2,0,0,0,1.5,1.5,1.5,1.5,TRUE
24132,1,1,-2,-1,-2,1,1,0,2,2,1,2,-1,-3,-3,-3,-3,1,1,1,1.5,1.5,1.5,1.5,FALSE
24313,1,2,2,3,2,0,0,-1,1,2,1,2,1,1,2,2,2,0,-1,-1,1.5,1.5,1.5,1.5,FALSE
